SC_9009-Tumor,,,,,,,,,,,,
CRPC,,,,,,,,,,,,
?,,,,,,,,,,,,
,ALX1,H293Y,Missense,0.29,,diploid,56%,1.80%,2,,Low,
,ANKRD42,F344L,Missense,0.56,,gain,82%,1.80%,2,,Low,
,BSN,P2776L,Missense,0.31,,diploid,90%,3.50%,2,,Low,
,C8ORF44,R37W,Missense,0.21,,gain,NA,2.30%,2,,Neutral,
,CACNA1H,R1125*,Nonsense,0.24,,gain,36%,3.50%,6,,,
,CDK20,F19L,Missense,0.43,,gain,100%,1.20%,2,,Low,
,CENPE,V956I,Missense,0.31,,gain,10%,1.20%,2,,Neutral,
,COL6A6,R1660H,Missense,0.54,,diploid,NA,2.30%,2,,Low,
,CSNK2A1,Y307C,Missense,0.4,,diploid,78%,2.9%M,2,,Medium,
,DMRT2,V423fs,Frameshift,0.81,,hetloss,28%,1.20%,1,,,
,DOCK7,Y63H,Missense,0.43,,diploid,60%,2.90%,2,,Medium,
,DVL2,A429T,Missense,0.29,,gain,92%,1.20%,2,,Medium,
,ELTD1,T650R,Missense,0.29,,diploid,54%,1.20%,2,,High,
,ERC1,R631C,Missense,0.54,,diploid,24%,1.20%,2,,Medium,
,FAT2,R485W,Missense,0.3,,diploid,88%,7.00%,2,,Medium,
,FIBCD1,A429T,Missense,0.48,,gain,NA,1.20%,2,,Neutral,
,GABRB2,R442Q,Missense,0.59,,diploid,NA,3.50%,2,,Low,
,GABRG1,T247I,Missense,0.31,,diploid,40%,2.30%,2,,Medium,
,GNAT1,A83T,Missense,0.01,,diploid,NA,1.20%,1,2,Medium,
,GPATCH8,S478N,Missense,0.84,,hetloss,4%,2.30%,2,,Low,
,IKBKB,T439I,Missense,0.15,,diploid,76%,3.50%,2,,Low,
,KCNJ3,P26H,Missense,0.32,,diploid,94%,3.50%,2,,Neutral,
,KIAA0754,A1281fs,Frameshift,0.47,,diploid,NA,3.50%,3,,,
,MED14,R1429*,Nonsense,0.04,,gain,86%,1.20%,1,,,
,MON2,P301S,Missense,0.3,,diploid,68%,2.90%,2,,Low,
,MRGPRF,P305L,Missense,0.32,,diploid,38%,1.20%,1,,Medium,
,MUC4,H2416P,Missense,0.04,,gain,88%,27.50%,4,,Neutral,
,NCCRP1,P34L,Missense,0.11,,hetloss,NA,1.20%,1,,Neutral,
,NEU2,A317V,Missense,0.47,,hetloss,NA,2.30%,2,1,Neutral,
,NHS,R247H,Missense,0.1,,gain,46%,1.20%,2,3,Medium,
,OPN3,R314G,Missense,0.59,,diploid,24%,1.20%,2,,Low,
,PARP6,A502G,Missense,0.23,,diploid,50%,1.20%,2,,Medium,
,POU4F2,H182del,Deletion,0,,gain,NA,3.50%,2,1,,
,PPIL2,D147E,Missense,0.01,,diploid,64%,0.60%,1,,Medium,
,R3HDM2,K20fs,Frameshift,0.18,,diploid,76%,0.60%,2,,,
,RAPGEF1,F1042Y,Missense,0.47,,gain,76%,2.90%,2,,Medium,
,RUNX2,A273G,Missense,0.24,,diploid,30%,2.90%,2,,Neutral,
,RYR3,V1045F,Missense,0.22,,hetloss,82%,7.60%,2,,Low,
,SCGB1D2,Y17N,Missense,0.56,,diploid,NA,1.20%,2,,,
,SH2D7,T445M,Missense,0.28,,diploid,NA,0.60%,1,,Low,
,SLCO6A1,V19fs,Frameshift,0.46,,hetloss,NA,2.90%,2,,,
,SOAT1,F73V,Missense,0.33,,diploid,74%,1.80%,2,1,Low,
,SRCIN1,A533T,Missense,0.6,,diploid,88%,3.50%,2,,Neutral,
,STRADB,N92D,Missense,0.31,,diploid,42%,1.20%,2,,Neutral,
,SYNE2,L2202*,Nonsense,0.3,,diploid,56%,6.40%,4,,,
,TMF1,D58Y,Missense,0.87,,diploid,38%,2.90%,2,1,Medium,
,TRIM47,S162I,Missense,0.63,,gain,14%,0.60%,1,,Medium,
,TRIP11,I331V,Missense,0.23,,gain,74%,1.20%,2,,Neutral,
,TTN,G29663R,Missense,0.32,,diploid,92%,22.80%,2,,Medium,
,UNC93B1,V499M,Missense,0.18,,diploid,4%,2.90%,1,,Neutral,
,WDR43,I408fs,Frameshift,0.3,,diploid,38%,1.20%,2,,,
,ZNF426,H228R,Missense,0.33,,hetloss,16%,1.80%,2,,Low,
,,,,,,,,,,,,
,,,,,,,,,,,,
,,,,,,,,,,,,
,,,,,,,,,,,,
,,,,,,,,,,,,
,,,,,,,,,,,,
,,,,,,,,,,,,
,,,,,,,,,,,,
,,,,,,,,,,,,
,,,,,,,,,,,,
,,,,,,,,,,,,
,,,,,,,,,,,,
,,,,,,,,,,,,
,,,,,,,,,,,,
,,,,,,,,,,,,
,,,,,,,,,,,,
,,,,,,,,,,,,
,,,,,,,,,,,,
,,,,,,,,,,,,
,,,,,,,,,,,,
,,,,,,,,,,,,
,,,,,,,,,,,,
,,,,,,,,,,,,
,,,,,,,,,,,,
,,,,,,,,,,,,
,,,,,,,,,,,,
,,,,,,,,,,,,
,,,,,,,,,,,,
,,,,,,,,,,,,
,,,,,,,,,,,,
,,,,,,,,,,,,
,,,,,,,,,,,,
,,,,,,,,,,,,
,,,,,,,,,,,,
,,,,,,,,,,,,
,,,,,,,,,,,,
,,,,,,,,,,,,
,,,,,,,,,,,,
,,,,,,,,,,,,
,,,,,,,,,,,,
,,,,,,,,,,,,
,,,,,,,,,,,,
,,,,,,,,,,,,
,,,,,,,,,,,,
,,,,,,,,,,,,
,,,,,,,,,,,,
,,,,,,,,,,,,
,,,,,,,,,,,,
,,,,,,,,,,,,
,,,,,,,,,,,,
,,,,,,,,,,,,
,,,,,,,,,,,,
,,,,,,,,,,,,
,,,,,,,,,,,,
,,,,,,,,,,,,
,,,,,,,,,,,,
,,,,,,,,,,,,
,,,,,,,,,,,,
,,,,,,,,,,,,
,,,,,,,,,,,,
,,,,,,,,,,,,
,,,,,,,,,,,,
,,,,,,,,,,,,
,,,,,,,,,,,,
,,,,,,,,,,,,
,,,,,,,,,,,,
,,,,,,,,,,,,
,,,,,,,,,,,,
,,,,,,,,,,,,
,,,,,,,,,,,,
,,,,,,,,,,,,
,,,,,,,,,,,,
,,,,,,,,,,,,
,,,,,,,,,,,,
,,,,,,,,,,,,
,,,,,,,,,,,,
,,,,,,,,,,,,
,,,,,,,,,,,,
,,,,,,,,,,,,
,,,,,,,,,,,,
,,,,,,,,,,,,
,,,,,,,,,,,,
,,,,,,,,,,,,
,,,,,,,,,,,,
,,,,,,,,,,,,
,,,,,,,,,,,,
,,,,,,,,,,,,
,,,,,,,,,,,,
,,,,,,,,,,,,
,,,,,,,,,,,,
,,,,,,,,,,,,
,,,,,,,,,,,,
,,,,,,,,,,,,
,,,,,,,,,,,,
,,,,,,,,,,,,
,,,,,,,,,,,,
,,,,,,,,,,,,
,,,,,,,,,,,,
,,,,,,,,,,,,
,,,,,,,,,,,,
,,,,,,,,,,,,
,,,,,,,,,,,,
,,,,,,,,,,,,
,,,,,,,,,,,,
,,,,,,,,,,,,
,,,,,,,,,,,,
,,,,,,,,,,,,
,,,,,,,,,,,,
,,,,,,,,,,,,
,,,,,,,,,,,,
,,,,,,,,,,,,
,,,,,,,,,,,,
,,,,,,,,,,,,
,,,,,,,,,,,,
,,,,,,,,,,,,
,,,,,,,,,,,,
,,,,,,,,,,,,
,,,,,,,,,,,,
,,,,,,,,,,,,
,,,,,,,,,,,,
,,,,,,,,,,,,
,,,,,,,,,,,,
,,,,,,,,,,,,
,,,,,,,,,,,,
,,,,,,,,,,,,
,,,,,,,,,,,,
,,,,,,,,,,,,
,,,,,,,,,,,,
,,,,,,,,,,,,
,,,,,,,,,,,,
,,,,,,,,,,,,
,,,,,,,,,,,,
,,,,,,,,,,,,
,,,,,,,,,,,,
,,,,,,,,,,,,
,,,,,,,,,,,,
,,,,,,,,,,,,
,,,,,,,,,,,,
,,,,,,,,,,,,
,,,,,,,,,,,,
,,,,,,,,,,,,
,,,,,,,,,,,,
,,,,,,,,,,,,
,,,,,,,,,,,,
,,,,,,,,,,,,
,,,,,,,,,,,,
,,,,,,,,,,,,
,,,,,,,,,,,,
,,,,,,,,,,,,
,,,,,,,,,,,,
,,,,,,,,,,,,
,,,,,,,,,,,,
,,,,,,,,,,,,
,,,,,,,,,,,,
,,,,,,,,,,,,
,,,,,,,,,,,,
,,,,,,,,,,,,
,,,,,,,,,,,,
,,,,,,,,,,,,
,,,,,,,,,,,,
,,,,,,,,,,,,
,,,,,,,,,,,,
,,,,,,,,,,,,
,,,,,,,,,,,,
,,,,,,,,,,,,
,,,,,,,,,,,,
,,,,,,,,,,,,
,,,,,,,,,,,,
,,,,,,,,,,,,
,,,,,,,,,,,,
,,,,,,,,,,,,
,,,,,,,,,,,,
,,,,,,,,,,,,
,,,,,,,,,,,,
,,,,,,,,,,,,
,,,,,,,,,,,,
,,,,,,,,,,,,
,,,,,,,,,,,,
,,,,,,,,,,,,
,,,,,,,,,,,,
,,,,,,,,,,,,
,,,,,,,,,,,,
,,,,,,,,,,,,
,,,,,,,,,,,,
,,,,,,,,,,,,
,,,,,,,,,,,,
,,,,,,,,,,,,
,,,,,,,,,,,,
,,,,,,,,,,,,
,,,,,,,,,,,,
,,,,,,,,,,,,
,,,,,,,,,,,,
,,,,,,,,,,,,
,,,,,,,,,,,,
,,,,,,,,,,,,
,,,,,,,,,,,,
,,,,,,,,,,,,
,,,,,,,,,,,,
,,,,,,,,,,,,
,,,,,,,,,,,,
,,,,,,,,,,,,
,,,,,,,,,,,,
,,,,,,,,,,,,
,,,,,,,,,,,,
,,,,,,,,,,,,
,,,,,,,,,,,,
,,,,,,,,,,,,
