MO_1221-Tumor,,,,,,,,,,,
CRPC,,,,,,,,,,,
?,,,,,,,,,,,
,A4GALT,R256W,Missense,0.01,,diploid,1.80%,1,,Medium,
,ABCA10,K1456Q,Missense,0.16,,AMP,0.60%,1,,Low,
,ABI3BP,T663N,Missense,0.11,,diploid,1.20%,1,,Low,
,ADAMTS18,R633S,Missense,0.19,,hetloss,1.80%,1,,Neutral,
,ALDH5A1,G268R,Missense,0.42,,diploid,1.80%,1,,High,
,APBB1,A83S,Missense,0.5,,diploid,1.80%,1,,Neutral,
,ATP6V0A2,F829C,Missense,0.24,,gain,1.20%,1,,High,
,BCCIP,D283N,Missense,0.68,,hetloss,1.20%,1,,Low,
,C17ORF70,MUTATED,Splice Site,0.71,,AMP,1.20%,2,,,
,C7ORF50,MUTATED,Splice Site,0.45,,AMP,2.30%,3,,,
,CARS2,H283Y,Missense,0.08,,diploid,2.30%,1,,High,
,CDC27,A238fs,Frameshift,0.27,,AMP,2.30%,3,,,
,CSK,Y268C,Missense,0.49,,diploid,0.60%,1,,Medium,
,CTSD,P51A,Missense,0.29,,diploid,2.90%,1,,Neutral,
,DCAF5,D379N,Missense,0.22,,diploid,0.60%,1,,Neutral,
,DOCK10,K1646*,Nonsense,0.25,,diploid,2.30%,2,,,
,FAM149A,I244F,Missense,0.13,,diploid,0.60%,1,,Low,
,FLNB,M1993V,Missense,0.38,,gain,4.10%,1,,Low,
,FNDC3B,S758fs,Frameshift,0.48,,diploid,2.30%,3,,,
,FRMD1,R235H,Missense,0.13,,gain,1.20%,1,,Medium,
,GNAL,V172I,Missense,0.05,,gain,0.60%,1,,Neutral,
,INSC,E181K,Missense,0.33,,diploid,2.30%,1,,Neutral,
,INSM2,A375V,Missense,0.06,,diploid,1.20%,1,,Neutral,
,JOSD1,I59V,Missense,0.52,,diploid,0.60%,1,,Medium,
,KCNT1,V210M,Missense,0.4,,gain,2.30%,1,,Low,
,LRFN4,S503L,Missense,0.01,,diploid,0.60%,1,1,Neutral,
,MAP3K10,R807C,Missense,0.59,,diploid,1.20%,1,,Neutral,
,MDGA2,S600N,Missense,0.03,,diploid,1.80%,1,,Neutral,
,MYO10,G1114S,Missense,0.25,,diploid,1.80%,1,,Neutral,
,NFAM1,I61V,Missense,0.45,,diploid,0.60%,1,,Neutral,
,NKX2-5,213_214PP>P,Deletion,0.01,,AMP,1.20%,1,,,
,NR2E1,A124V,Missense,0.01,,gain,0.60%,1,,Low,
,NYNRIN,D976Y,Missense,0.11,,gain,1.80%,1,,Low,
,PLCH1,G716_splice,Splice Site,0.16,,diploid,5.30%,1,,,
,POLR3E,R496W,Missense,0.02,,gain,0.60%,1,1,Low,
,RAD9B,F392L,Missense,0.22,,gain,0.60%,1,,Low,
,RCCD1,L60W,Missense,0.2,,diploid,0.60%,1,,Low,
,ROBO1,P1217L,Missense,0.03,,gain,3.50%,1,1,Medium,
,SCML4,C193F,Missense,0.2,,gain,2.30%,1,,Medium,
,SEC24D,G1012V,Missense,0.22,,diploid,0.60%,1,,Medium,
,SMYD3,E189*,Nonsense,0.27,,diploid,1.20%,2,,,
,SSTR4,R250C,Missense,0.01,,gain,2.30%,1,,Medium,
,TAS1R1,L582del,Deletion,0.01,,diploid,2.90%,3,,,
,TCEB3B,A576T,Missense,0.27,,diploid,0.60%,1,1,Neutral,
,TMEM200C,G176D,Missense,0.01,,gain,1.80%,1,,Medium,
,TMEM39A,L67F,Missense,0.26,,diploid,0.60%,1,,Low,
,UBE2O,R145H,Missense,0.14,,AMP,2.30%,1,1,Medium,
,UBE2W,K150*,Nonsense,0.62,,gain,0.60%,1,,,
,ZNF831,A75T,Missense,0.01,,gain,1.80%,1,,Neutral,
,ZSCAN2,C420*,Nonsense,0.23,,diploid,0.60%,1,,,
,,,,,,,,,,,
,,,,,,,,,,,
,,,,,,,,,,,
,,,,,,,,,,,
,,,,,,,,,,,
,,,,,,,,,,,
,,,,,,,,,,,
,,,,,,,,,,,
,,,,,,,,,,,
,,,,,,,,,,,
,,,,,,,,,,,
,,,,,,,,,,,
,,,,,,,,,,,
,,,,,,,,,,,
,,,,,,,,,,,
,,,,,,,,,,,
,,,,,,,,,,,
,,,,,,,,,,,
,,,,,,,,,,,
,,,,,,,,,,,
,,,,,,,,,,,
,,,,,,,,,,,
,,,,,,,,,,,
,,,,,,,,,,,
,,,,,,,,,,,
,,,,,,,,,,,
,,,,,,,,,,,
,,,,,,,,,,,
,,,,,,,,,,,
,,,,,,,,,,,
,,,,,,,,,,,
,,,,,,,,,,,
,,,,,,,,,,,
,,,,,,,,,,,
,,,,,,,,,,,
,,,,,,,,,,,
,,,,,,,,,,,
,,,,,,,,,,,
,,,,,,,,,,,
,,,,,,,,,,,
,,,,,,,,,,,
,,,,,,,,,,,
,,,,,,,,,,,
,,,,,,,,,,,
,,,,,,,,,,,
,,,,,,,,,,,
,,,,,,,,,,,
,,,,,,,,,,,
,,,,,,,,,,,
,,,,,,,,,,,
,,,,,,,,,,,
,,,,,,,,,,,
,,,,,,,,,,,
,,,,,,,,,,,
,,,,,,,,,,,
,,,,,,,,,,,
,,,,,,,,,,,
,,,,,,,,,,,
,,,,,,,,,,,
,,,,,,,,,,,
,,,,,,,,,,,
,,,,,,,,,,,
