TCGA-HI-7169,,,,,,,,,,,,
"Prostate Adenocarcinoma, Gleason 7",,,,,,,,,,,,
Primary,,,,,,,,,,,,
,ACIN1,L182V,Missense,0.12,,diploid,56%,0.40%,1,1,Neutral,
,ADAMTS17,T983M,Missense,0.05,,diploid,63%,0.40%,1,1,Low,
,ANO7,P331L,Missense,0.38,,diploid,38%,0.80%,1,1,High,
,APOBEC1,T217M,Missense,0.04,,diploid,94%,0.40%,1,1,Neutral,
,ATP13A5,R27Q,Missense,0.04,,diploid,82%,1.20%,1,2,Low,
,C2CD4B,T26R,Missense,0.29,,diploid,41%,0.40%,1,1,Medium,
,C2ORF82,P63fs,Frameshift,0.33,,diploid,83%,0.40%,1,,,
,CTNNBL1,A501V,Missense,0.22,,diploid,88%,0.40%,1,1,Neutral,
,CYP1A2,R356W,Missense,0.23,,diploid,48%,0.40%,1,2,Medium,
,DCAF12L2,R337H,Missense,0.74,,NA,NA,0.80%,1,5,Low,
,EPHA6,A636G,Missense,0.08,,diploid,17%,0.80%,1,,Low,
,ERG,ERG fusion,Fusion,,,HOMDEL,60%,45.80%,115,,,
,ESAM,T349M,Missense,0.18,,diploid,54%,0.40%,1,1,Neutral,
,FAT3,V1867I,Missense,0.17,,diploid,94%,3.60%,1,,Low,
,FN1,Q1229*,Nonsense,0.04,,diploid,54%,0.80%,5,1,,
,GLTSCR1,S1276del,Deletion,0.33,,diploid,99%,1.20%,1,,,
,H6PD,R469Q,Missense,0.03,,diploid,7%,1.20%,1,1,Low,
,HIST1H3C,K19Q,Missense,0.1,,diploid,37%,0.40%,1,1,,
,KRTAP4-9,Q146H,Missense,0.13,,diploid,98%,1.60%,1,1,Low,
,LBR,I614V,Missense,0.07,,diploid,51%,1.20%,1,1,Neutral,
,MTRF1L,K105Q,Missense,0.07,,diploid,72%,0.40%,1,1,Low,
,NKIRAS1,D153N,Missense,0.14,,diploid,56%,0.40%,1,1,Low,
,OR5A2,A232D,Missense,0.11,,diploid,99%,0.40%,1,,Medium,
,OTUD6B,G159R,Missense,0.2,,diploid,3%,0.40%,1,1,Medium,
,PIK3C2B,R1113H,Missense,0.02,,diploid,1%,0.80%,2,3,Low,
,PLCB4,T330I,Missense,0.2,,diploid,4%,0.80%,1,2,High,
,PLCH1,R1587C,Missense,0.07,,diploid,14%,1.60%,1,,Medium,
,POLR1C,R13G,Missense,0.05,,diploid,38%,0.80%,1,1,Medium,
,RBM15,S80N,Missense,0.05,,diploid,71%,1.20%,1,,Low,
,RDM1,E243G,Missense,0.07,,diploid,11%,0.40%,1,1,Low,
,RNMTL1,G385S,Missense,0.05,,diploid,89%,0.40%,1,1,Low,
,RUFY1,R529K,Missense,0.03,,diploid,15%,0.40%,1,,Neutral,
,RYR1,V1830I,Missense,0.03,,diploid,99%,2.40%,1,1,Low,
,RYR3,D3926G,Missense,0.16,,diploid,87%,2.00%,1,1,Medium,
,SH3TC2,E868D,Missense,0.03,,diploid,1%,1.20%,1,,Low,
,SLCO3A1,G487R,Missense,0.02,,diploid,82%,0.40%,1,1,Medium,
,SMG7,E846fs,Frameshift,0.09,,diploid,19%,1.60%,3,,,
,SNX17,N459S,Missense,0.19,,diploid,35%,0.80%,1,1,Medium,
,SPATA31C1,A548V,Missense,0.17,,diploid,29%,0.40%,1,,,
,TCHH,R1125G,Missense,0.04,,diploid,6%,1.60%,1,5,Low,
,TMEM131,P1568fs,Frameshift,0.29,,diploid,0%,0.40%,4,,,
,TTN,V30557A,Missense,0.23,,diploid,99%,15.90%,1,,Low,
,ZNF479,K438T,Missense,0.05,,diploid,97%,2.00%,4,19,Neutral,
,ZNF57,R408Q,Missense,0.04,,diploid,3%,1.20%,2,3,Neutral,
,ZNF644,R291fs,Frameshift,0.11,,diploid,18%,1.20%,2,3,,
,,,,,,,,,,,,
,,,,,,,,,,,,
,,,,,,,,,,,,
,,,,,,,,,,,,
,,,,,,,,,,,,
,,,,,,,,,,,,
,,,,,,,,,,,,
,,,,,,,,,,,,
,,,,,,,,,,,,
,,,,,,,,,,,,
,,,,,,,,,,,,
,,,,,,,,,,,,
,,,,,,,,,,,,
,,,,,,,,,,,,
,,,,,,,,,,,,
,,,,,,,,,,,,
,,,,,,,,,,,,
,,,,,,,,,,,,
,,,,,,,,,,,,
,,,,,,,,,,,,
,,,,,,,,,,,,
,,,,,,,,,,,,
,,,,,,,,,,,,
,,,,,,,,,,,,
,,,,,,,,,,,,
,,,,,,,,,,,,
,,,,,,,,,,,,
,,,,,,,,,,,,
,,,,,,,,,,,,
,,,,,,,,,,,,
,,,,,,,,,,,,
,,,,,,,,,,,,
,,,,,,,,,,,,
,,,,,,,,,,,,
,,,,,,,,,,,,
,,,,,,,,,,,,
,,,,,,,,,,,,
,,,,,,,,,,,,
,,,,,,,,,,,,
,,,,,,,,,,,,
,,,,,,,,,,,,
,,,,,,,,,,,,
,,,,,,,,,,,,
,,,,,,,,,,,,
,,,,,,,,,,,,
,,,,,,,,,,,,
,,,,,,,,,,,,
,,,,,,,,,,,,
,,,,,,,,,,,,
,,,,,,,,,,,,
,,,,,,,,,,,,
,,,,,,,,,,,,
,,,,,,,,,,,,
,,,,,,,,,,,,
,,,,,,,,,,,,
,,,,,,,,,,,,
,,,,,,,,,,,,
,,,,,,,,,,,,
,,,,,,,,,,,,
,,,,,,,,,,,,
,,,,,,,,,,,,
,,,,,,,,,,,,
,,,,,,,,,,,,
,,,,,,,,,,,,
,,,,,,,,,,,,
,,,,,,,,,,,,
,,,,,,,,,,,,
,,,,,,,,,,,,
,,,,,,,,,,,,
,,,,,,,,,,,,
,,,,,,,,,,,,
,,,,,,,,,,,,
,,,,,,,,,,,,
,,,,,,,,,,,,
,,,,,,,,,,,,
,,,,,,,,,,,,
,,,,,,,,,,,,
,,,,,,,,,,,,
,,,,,,,,,,,,
,,,,,,,,,,,,
,,,,,,,,,,,,
,,,,,,,,,,,,
,,,,,,,,,,,,
,,,,,,,,,,,,
,,,,,,,,,,,,
,,,,,,,,,,,,
,,,,,,,,,,,,
,,,,,,,,,,,,
,,,,,,,,,,,,
,,,,,,,,,,,,
,,,,,,,,,,,,
,,,,,,,,,,,,
,,,,,,,,,,,,
,,,,,,,,,,,,
,,,,,,,,,,,,
,,,,,,,,,,,,
,,,,,,,,,,,,
,,,,,,,,,,,,
,,,,,,,,,,,,
,,,,,,,,,,,,
,,,,,,,,,,,,
,,,,,,,,,,,,
,,,,,,,,,,,,
,,,,,,,,,,,,
,,,,,,,,,,,,
,,,,,,,,,,,,
,,,,,,,,,,,,
,,,,,,,,,,,,
,,,,,,,,,,,,
,,,,,,,,,,,,
,,,,,,,,,,,,
,,,,,,,,,,,,
,,,,,,,,,,,,
,,,,,,,,,,,,
,,,,,,,,,,,,
,,,,,,,,,,,,
,,,,,,,,,,,,
,,,,,,,,,,,,
,,,,,,,,,,,,
,,,,,,,,,,,,
,,,,,,,,,,,,
,,,,,,,,,,,,
,,,,,,,,,,,,
,,,,,,,,,,,,
,,,,,,,,,,,,
,,,,,,,,,,,,
,,,,,,,,,,,,
,,,,,,,,,,,,
,,,,,,,,,,,,
,,,,,,,,,,,,
,,,,,,,,,,,,
,,,,,,,,,,,,
,,,,,,,,,,,,
,,,,,,,,,,,,
,,,,,,,,,,,,
,,,,,,,,,,,,
,,,,,,,,,,,,
,,,,,,,,,,,,
,,,,,,,,,,,,
,,,,,,,,,,,,
,,,,,,,,,,,,
,,,,,,,,,,,,
,,,,,,,,,,,,
,,,,,,,,,,,,
,,,,,,,,,,,,
,,,,,,,,,,,,
,,,,,,,,,,,,
,,,,,,,,,,,,
,,,,,,,,,,,,
,,,,,,,,,,,,
,,,,,,,,,,,,
,,,,,,,,,,,,
,,,,,,,,,,,,
,,,,,,,,,,,,
,,,,,,,,,,,,
,,,,,,,,,,,,
,,,,,,,,,,,,
,,,,,,,,,,,,
,,,,,,,,,,,,
,,,,,,,,,,,,
,,,,,,,,,,,,
,,,,,,,,,,,,
,,,,,,,,,,,,
,,,,,,,,,,,,
,,,,,,,,,,,,
,,,,,,,,,,,,
,,,,,,,,,,,,
,,,,,,,,,,,,
,,,,,,,,,,,,
,,,,,,,,,,,,
,,,,,,,,,,,,
,,,,,,,,,,,,
,,,,,,,,,,,,
,,,,,,,,,,,,
,,,,,,,,,,,,
,,,,,,,,,,,,
,,,,,,,,,,,,
,,,,,,,,,,,,
,,,,,,,,,,,,
,,,,,,,,,,,,
,,,,,,,,,,,,
,,,,,,,,,,,,
,,,,,,,,,,,,
,,,,,,,,,,,,
,,,,,,,,,,,,
,,,,,,,,,,,,
,,,,,,,,,,,,
,,,,,,,,,,,,
,,,,,,,,,,,,
,,,,,,,,,,,,
,,,,,,,,,,,,
,,,,,,,,,,,,
,,,,,,,,,,,,
,,,,,,,,,,,,
,,,,,,,,,,,,
,,,,,,,,,,,,
,,,,,,,,,,,,
,,,,,,,,,,,,
,,,,,,,,,,,,
,,,,,,,,,,,,
,,,,,,,,,,,,
,,,,,,,,,,,,
,,,,,,,,,,,,
,,,,,,,,,,,,
,,,,,,,,,,,,
,,,,,,,,,,,,
,,,,,,,,,,,,
,,,,,,,,,,,,
,,,,,,,,,,,,
,,,,,,,,,,,,
,,,,,,,,,,,,
,,,,,,,,,,,,
,,,,,,,,,,,,
,,,,,,,,,,,,
,,,,,,,,,,,,
,,,,,,,,,,,,
,,,,,,,,,,,,
,,,,,,,,,,,,
,,,,,,,,,,,,
,,,,,,,,,,,,
,,,,,,,,,,,,
,,,,,,,,,,,,
,,,,,,,,,,,,
,,,,,,,,,,,,
,,,,,,,,,,,,
,,,,,,,,,,,,
,,,,,,,,,,,,
,,,,,,,,,,,,
,,,,,,,,,,,,
,,,,,,,,,,,,
,,,,,,,,,,,,
,,,,,,,,,,,,
,,,,,,,,,,,,
,,,,,,,,,,,,
,,,,,,,,,,,,
,,,,,,,,,,,,
,,,,,,,,,,,,
,,,,,,,,,,,,
,,,,,,,,,,,,
,,,,,,,,,,,,
,,,,,,,,,,,,
,,,,,,,,,,,,
,,,,,,,,,,,,
,,,,,,,,,,,,
,,,,,,,,,,,,
,,,,,,,,,,,,
,,,,,,,,,,,,
,,,,,,,,,,,,
,,,,,,,,,,,,
,,,,,,,,,,,,
