TCGA-G9-6332,,,,,,,,,,,,
"Prostate Adenocarcinoma, Gleason 7",,,,,,,,,,,,
Primary,,,,,,,,,,,,
,CR1,R1744*,Nonsense,0.06,,diploid,7%,0.80%,1,9,,
,CSMD3,E1563K,Missense,0.33,,diploid,8%,2.80%,1,3,Low,
,KCNJ11,L122R,Missense,0.16,,diploid,93%,0.40%,1,3,Medium,
,VARS,R498H,Missense,0.31,,diploid,82%,0.80%,1,2,Medium,
,ARHGEF15,R572H,Missense,0.36,,diploid,0%,0.80%,1,2,Neutral,
,CNKSR2,T87N,Missense,0.08,,NA,NA,0.40%,2,2,Neutral,
,MPEG1,L668R,Missense,0.29,,diploid,5%,1.60%,1,1,Medium,
,CDH5,G732S,Missense,0.37,,diploid,4%,1.60%,1,1,Low,
,NCKAP5,A1783S,Missense,0.03,,diploid,60%,1.60%,1,1,Neutral,
,ABCC11,R109L,Missense,0.02,,diploid,4%,1.20%,1,1,Medium,
,ADAMTS19,G637R,Missense,0.67,,hetloss,10%,1.20%,1,1,Medium,
,HCN4,T993K,Missense,0.35,,diploid,40%,1.20%,1,1,Low,
,RASAL1,P526T,Missense,0.38,,diploid,82%,0.80%,1,1,Medium,
,PRKCSH,K155R,Missense,0.32,,diploid,84%,0.80%,1,1,Neutral,
,FAT1,Y2461H,Missense,0.03,,diploid,83%,0.80%,1,1,Medium,
,OR10G8,L142F,Missense,0.04,,diploid,98%,0.80%,1,1,Low,
,ADAMTS5,K450N,Missense,0.11,,diploid,12%,0.80%,1,1,Neutral,
,TBX19,V318L,Missense,0.03,,diploid,34%,0.80%,1,1,Low,
,LIMK1,C7G,Missense,0.44,,diploid,67%,0.40%,1,1,Low,
,ATF6B,S158Y,Missense,0.34,,diploid,56%,0.40%,1,1,Low,
,HPS1,R657C,Missense,0.4,,diploid,71%,0.40%,1,1,Low,
,STARD3,A114V,Missense,0.04,,diploid,39%,0.40%,1,1,Medium,
,OR4C3,F193L,Missense,0.27,,diploid,99%,0.40%,1,1,Medium,
,APCDD1L,P441T,Missense,0.03,,diploid,27%,0.40%,1,1,Medium,
,RIPK1,D24G,Missense,0.14,,diploid,27%,0.40%,1,1,Neutral,
,OR4D9,I68M,Missense,0.39,,diploid,93%,0.40%,1,1,Low,
,KRT222,M1I,Missense,0.03,,diploid,47%,0.40%,1,1,,
,CCDC34,T121A,Missense,0.18,,diploid,15%,0.40%,1,1,Neutral,
,ERG,ERG fusion,Fusion,,,diploid,79%,45.80%,115,,,
,TTN,F28633L,Missense,0.39,,diploid,19%,15.90%,1,,Neutral,
,MUC4,R5L,Missense,0.09,,hetloss,41%,6.40%,2,,Neutral,
,SDHAP2,S156G,Missense,0.11,,hetloss,10%,2.80%,3,,,
,PIPSL,R838Q,Missense,0.14,,diploid,66%,1.20%,1,,,
,NFATC1,R223S,Missense,0.04,,diploid,39%,0.80%,1,,Medium,
,IGF1R,F1259L,Missense,0.04,,diploid,58%,0.80%,1,,Medium,
